LatC,LonC,country,pop
46.75,9.75,AT,104998.134866714
46.75,10.25,AT,24584.3240639567
47.25,10.25,AT,65097.8921775818
46.75,10.75,AT,48883.6128898859
46.75,11.25,AT,171828.410280964
47.25,11.25,AT,291458.860660553
47.25,11.75,AT,145717.90348053
46.75,12.25,AT,43745.5740801767
47.25,12.25,AT,80113.8167324066
46.75,12.75,AT,54969.2171134055
47.75,12.75,AT,249534.443588257
46.75,13.25,AT,53724.8422460984
47.25,13.25,AT,80345.7124710083
47.75,13.25,AT,358517.674591064
48.25,13.25,AT,217311.823364258
46.25,13.75,AT,45926.6925945282
46.75,13.75,AT,158527.029937744
47.25,13.75,AT,46426.1519927979
47.75,13.75,AT,141805.928024292
48.25,13.75,AT,251439.383789062
46.25,14.25,AT,387077.747783661
46.75,14.25,AT,232190.231391907
47.25,14.25,AT,41853.1643867493
47.75,14.25,AT,85273.7346496582
48.25,14.25,AT,640222.474914551
46.75,14.75,AT,120027.58807373
47.25,14.75,AT,85425.373374939
47.75,14.75,AT,49984.7446117401
48.25,14.75,AT,193777.008529663
48.75,14.75,AT,121042.573036194
46.75,15.25,AT,171343.136367798
47.25,15.25,AT,486984.450370789
47.75,15.25,AT,38881.3022346497
48.25,15.25,AT,129258.675491333
46.75,15.75,AT,322525.690795898
47.25,15.75,AT,206393.099487305
47.75,15.75,AT,70143.5425300598
48.25,15.75,AT,250920.668212891
47.25,16.25,AT,137099.561584473
47.75,16.25,AT,345487.489624023
48.25,16.25,AT,2037410.59210205
47.75,16.75,AT,201920.331312895
50.75,2.75,BE,605949.459228516
51.25,2.75,BE,218239.441009521
50.25,3.25,BE,644120.207183838
50.75,3.25,BE,1691734.10888672
50.25,3.75,BE,571288.768093109
50.75,3.75,BE,582187.84375
49.75,4.25,BE,76847.9732437134
50.25,4.25,BE,643793.026245117
50.75,4.25,BE,2314149.97607422
49.75,4.75,BE,183624.920394897
50.25,4.75,BE,386193.892227173
50.75,4.75,BE,746287.871582031
49.75,5.25,BE,94629.8887176514
50.25,5.25,BE,170489.979919434
50.75,5.25,BE,648636.069824219
50.25,5.75,BE,121977.939941406
46.25,6.25,CH,1066920.20108032
45.75,6.75,CH,103823.30727461
46.25,6.75,CH,297175.678115845
46.75,6.75,CH,640706.236886978
45.75,7.25,CH,95491.6374517325
46.25,7.25,CH,226530.00958252
46.75,7.25,CH,539961.541595459
47.25,7.25,CH,381867.724334717
46.25,7.75,CH,103753.699062347
46.75,7.75,CH,312681.206813812
47.25,7.75,CH,614137.140686035
46.25,8.25,CH,73693.6661476176
46.75,8.25,CH,112102.701929569
47.25,8.25,CH,1203220.72558594
45.75,8.75,CH,1497408.82540894
46.25,8.75,CH,216215.341727138
46.75,8.75,CH,59415.2951812744
47.25,8.75,CH,1381424.07525635
46.25,9.25,CH,162402.831100971
46.75,9.25,CH,71214.6088752747
47.25,9.25,CH,461050.76651001
46.25,9.75,CH,107620.765738899
50.75,5.75,DE,1275955.08782959
49.25,6.25,DE,658539.723358154
49.75,6.25,DE,413896.916412354
50.25,6.25,DE,104827.03276062
50.75,6.25,DE,920371.20123291
51.25,6.25,DE,968166.370727539
49.25,6.75,DE,662813.156829834
49.75,6.75,DE,362614.405212402
50.25,6.75,DE,127873.217010498
50.75,6.75,DE,1120777.65374756
51.25,6.75,DE,2866484.92700195
51.75,6.75,DE,941082.53527832
52.25,6.75,DE,693834.882385254
53.25,6.75,DE,488252.387059033
49.25,7.25,DE,603200.696228027
49.75,7.25,DE,209406.542907715
50.25,7.25,DE,304550.459457397
50.75,7.25,DE,1493169.15307617
51.25,7.25,DE,2151828.92529297
51.75,7.25,DE,1380127.44494629
52.25,7.25,DE,396600.241424561
52.75,7.25,DE,239658.185211182
53.25,7.25,DE,296403.650402278
47.75,7.75,DE,975529.758728027
48.25,7.75,DE,611984.685241699
49.25,7.75,DE,383117.566879272
49.75,7.75,DE,303643.060272217
50.25,7.75,DE,462029.928771973
50.75,7.75,DE,427877.669372559
51.25,7.75,DE,801710.697143555
51.75,7.75,DE,1018857.99609375
52.25,7.75,DE,465535.607971191
52.75,7.75,DE,162873.577514648
53.25,7.75,DE,236386.38092041
47.75,8.25,DE,292392.817871094
48.25,8.25,DE,287279.528839111
48.75,8.25,DE,608318.424591064
49.25,8.25,DE,951564.624511719
49.75,8.25,DE,963588.533935547
50.25,8.25,DE,891380.095153809
50.75,8.25,DE,404138.376708984
51.25,8.25,DE,241794.702331543
51.75,8.25,DE,566329.907470703
52.25,8.25,DE,510255.707550049
52.75,8.25,DE,265144.13067627
53.25,8.25,DE,377050.657236099
53.75,8.25,DE,98840.3907055855
54.25,8.25,DE,266.011361718178
47.75,8.75,DE,575016.581420898
48.25,8.75,DE,424100.886230469
48.75,8.75,DE,746400.425415039
49.25,8.75,DE,983285.794799805
49.75,8.75,DE,958273.133239746
50.25,8.75,DE,1749792.55688477
50.75,8.75,DE,456121.998718262
51.25,8.75,DE,164790.340881348
51.75,8.75,DE,604562.671691895
52.25,8.75,DE,746601.19921875
52.75,8.75,DE,171778.496307373
53.25,8.75,DE,830951.56854248
53.75,8.75,DE,225231.429153144
54.25,8.75,DE,35235.9572800994
47.75,9.25,DE,461690.387695312
48.25,9.25,DE,351843.579406738
48.75,9.25,DE,2087121.07092285
49.25,9.25,DE,574838.096740723
49.75,9.25,DE,357337.65184021
50.25,9.25,DE,371852.194473267
50.75,9.25,DE,168295.325134277
51.25,9.25,DE,405963.306762695
51.75,9.25,DE,218978.253583908
52.25,9.25,DE,377240.864440918
52.75,9.25,DE,192765.564880371
53.25,9.25,DE,183324.639038086
53.75,9.25,DE,199580.996566772
54.25,9.25,DE,147348.486923218
47.25,9.75,DE,490956.503211975
47.75,9.75,DE,412780.15802002
48.25,9.75,DE,384925.222579956
48.75,9.75,DE,542488.715332031
49.25,9.75,DE,238274.63079834
49.75,9.75,DE,358516.963378906
50.25,9.75,DE,160168.527183533
50.75,9.75,DE,258705.904968262
51.25,9.75,DE,278079.210849762
51.75,9.75,DE,272272.137591362
52.25,9.75,DE,1052895.82440186
52.75,9.75,DE,170454.63368988
53.25,9.75,DE,472605.18270874
53.75,9.75,DE,996693.471435547
54.25,9.75,DE,251022.680664062
47.75,10.25,DE,308342.463165283
48.25,10.25,DE,396936.429595947
48.75,10.25,DE,334160.250366211
49.25,10.25,DE,180246.725524902
49.75,10.25,DE,225671.009017944
50.25,10.25,DE,246104.15864563
50.75,10.25,DE,186360.352233887
51.25,10.25,DE,196524.761352539
51.75,10.25,DE,249390.438271761
52.25,10.25,DE,480044.163330078
52.75,10.25,DE,179961.723312378
53.25,10.25,DE,687295.49319458
53.75,10.25,DE,1022532.35765457
54.25,10.25,DE,461383.62774244
47.25,10.75,DE,97919.3046207428
47.75,10.75,DE,225214.086084366
48.25,10.75,DE,656586.596740723
48.75,10.75,DE,211513.711975098
49.25,10.75,DE,359678.981201172
49.75,10.75,DE,455241.989715576
50.25,10.75,DE,184184.973999023
50.75,10.75,DE,319268.961578369
51.25,10.75,DE,177810.670043945
51.75,10.75,DE,193883.589639664
52.25,10.75,DE,499133.334350586
52.75,10.75,DE,116707.600448608
53.25,10.75,DE,114581.411833763
53.75,10.75,DE,385733.589317322
47.75,11.25,DE,265037.981571198
48.25,11.25,DE,1030527.11120605
48.75,11.25,DE,366752.500183105
49.25,11.25,DE,767500.966140747
49.75,11.25,DE,362631.606414795
50.25,11.25,DE,260283.865386963
50.75,11.25,DE,276545.532562256
51.25,11.25,DE,202488.189498901
51.75,11.25,DE,184532.848205566
52.25,11.25,DE,118864.594711304
52.75,11.25,DE,68605.7890892029
53.25,11.25,DE,73484.6005401611
53.75,11.25,DE,202940.130984053
47.75,11.75,DE,218928.144424438
48.25,11.75,DE,1688148.93807983
48.75,11.75,DE,233421.337295532
49.25,11.75,DE,190209.256134033
49.75,11.75,DE,211452.18901062
50.25,11.75,DE,200649.972686768
50.75,11.75,DE,266153.426269531
51.25,11.75,DE,316768.437438965
51.75,11.75,DE,258475.068908691
52.25,11.75,DE,359488.429000854
52.75,11.75,DE,89696.8567504883
53.25,11.75,DE,76382.7488098145
53.75,11.75,DE,74026.5827026367
47.75,12.25,DE,330174.534426689
48.25,12.25,DE,244776.807189941
48.75,12.25,DE,344986.006958008
49.25,12.25,DE,312932.919204712
50.25,12.25,DE,241206.591903687
50.75,12.25,DE,438968.225616455
51.25,12.25,DE,805151.339599609
51.75,12.25,DE,264975.212921143
52.25,12.25,DE,85212.9139099121
52.75,12.25,DE,77863.5627288818
53.25,12.25,DE,52185.4457969666
53.75,12.25,DE,82342.1825485229
54.25,12.25,DE,261291.52968733
47.25,12.75,DE,74624.1699333191
48.25,12.75,DE,256645.269866943
48.75,12.75,DE,243133.368408203
50.25,12.75,DE,221299.128025055
50.75,12.75,DE,618124.128234863
51.25,12.75,DE,258921.229370117
51.75,12.75,DE,117111.385223389
52.25,12.75,DE,205563.384124756
52.75,12.75,DE,92793.4147491455
53.25,12.75,DE,54550.8068925142
53.75,12.75,DE,68189.9020462036
54.25,12.75,DE,51873.8411620259
50.75,13.25,DE,275070.71295166
51.25,13.25,DE,218037.963134766
51.75,13.25,DE,71343.0813751221
52.25,13.25,DE,1347161.19723511
52.75,13.25,DE,1588784.61340332
53.25,13.25,DE,64192.6012878418
53.75,13.25,DE,110497.719787598
50.75,13.75,DE,414883.51902771
51.25,13.75,DE,731417.12890625
51.75,13.75,DE,108028.770812988
52.25,13.75,DE,825013.058578491
52.75,13.75,DE,536918.477050781
53.25,13.75,DE,53593.691696167
53.75,13.75,DE,62410.0609169006
51.25,14.25,DE,241277.524459839
51.75,14.25,DE,185912.014907837
52.25,14.25,DE,111279.563720703
55.25,7.75,DK,10
55.75,7.75,DK,10
56.25,7.75,DK,10
56.75,7.75,DK,10
54.75,8.25,DK,20802.221606642
55.25,8.25,DK,46228.5508057158
55.75,8.25,DK,66155.2496952415
56.25,8.25,DK,37679.0510608181
56.75,8.25,DK,27528.9565671384
54.75,8.75,DK,68786.3403514083
55.25,8.75,DK,64808.4953841269
55.75,8.75,DK,72726.4842453003
56.25,8.75,DK,146148.094322205
56.75,8.75,DK,70864.9992618561
54.75,9.25,DK,195540.424224854
55.25,9.25,DK,160288.978469849
55.75,9.25,DK,102777.110687256
56.25,9.25,DK,137394.855449677
56.75,9.25,DK,70645.4866394997
57.25,9.25,DK,12143.5905878544
54.75,9.75,DK,175142.336727798
55.25,9.75,DK,76908.8615330206
55.75,9.75,DK,278924.480470657
56.25,9.75,DK,186825.985122681
56.75,9.75,DK,103005.002502441
57.25,9.75,DK,205989.460647702
54.75,10.25,DK,10378.7432054933
55.25,10.25,DK,290110.054297924
55.75,10.25,DK,44923.4213560373
56.25,10.25,DK,479514.493129849
56.75,10.25,DK,48758.9314986123
57.25,10.25,DK,99446.7438812256
54.25,10.75,DK,121429.840166092
54.75,10.75,DK,13076.3315013945
55.25,10.75,DK,128260.64594692
55.75,10.75,DK,6280.38698357344
56.25,10.75,DK,45697.7123923302
54.25,11.25,DK,21867.193559289
54.75,11.25,DK,39365.0957044363
55.25,11.25,DK,81574.4950101972
55.75,11.25,DK,74857.4494979978
54.25,11.75,DK,47566.2778345067
54.75,11.75,DK,64270.1807115078
55.25,11.75,DK,174529.609619737
55.75,11.75,DK,151091.537960529
54.75,12.25,DK,15227.9061780828
55.25,12.25,DK,103428.202876091
55.75,12.25,DK,962515.153144836
54.75,14.25,DK,10
55.25,14.25,DK,7225.05168914795
54.75,14.75,DK,10
55.25,14.75,DK,30695.7650148571
47.75,-4.75,FR,10.4608535766602
48.25,-4.75,FR,151043.541812092
47.75,-4.25,FR,126964.412502408
48.25,-4.25,FR,292706.879346848
47.25,-3.75,FR,10
47.75,-3.75,FR,110699.49686271
48.25,-3.75,FR,82873.0431671143
48.75,-3.75,FR,99034.4418922663
47.25,-3.25,FR,10215.4759732187
47.75,-3.25,FR,299999.935235739
48.25,-3.25,FR,60160.3898773193
48.75,-3.25,FR,155256.522602558
47.25,-2.75,FR,9207.11064594984
47.75,-2.75,FR,289362.687009811
48.25,-2.75,FR,175542.823745728
46.25,-2.25,FR,10
46.75,-2.25,FR,35986.03674528
47.25,-2.25,FR,296770.429580867
47.75,-2.25,FR,171361.890777588
48.25,-2.25,FR,143518.175415039
43.25,-1.75,FR,463164.659236908
43.75,-1.75,FR,14386.5028877258
44.25,-1.75,FR,10
46.25,-1.75,FR,32330.1451320648
46.75,-1.75,FR,247315.184267133
47.25,-1.75,FR,721517.266174316
47.75,-1.75,FR,169297.717712402
48.25,-1.75,FR,598460.978790283
48.75,-1.75,FR,140581.930969238
49.25,-1.75,FR,52731.4740581512
42.75,-1.25,FR,21386.2475366592
43.25,-1.25,FR,139982.116117477
43.75,-1.25,FR,219830.198036194
44.25,-1.25,FR,49084.7612880506
44.75,-1.25,FR,111972.319432161
45.25,-1.25,FR,20085.004368782
45.75,-1.25,FR,104991.473561153
46.25,-1.25,FR,246487.372860193
46.75,-1.25,FR,258089.547119141
47.25,-1.25,FR,383265.287658691
47.75,-1.25,FR,114390.094970703
48.25,-1.25,FR,202194.186676025
48.75,-1.25,FR,127791.84072876
49.25,-1.25,FR,136735.361054778
42.75,-0.75,FR,15238.657702446
43.25,-0.75,FR,106892.429487228
43.75,-0.75,FR,128336.390426636
44.25,-0.75,FR,35371.2214851379
44.75,-0.75,FR,903478.438049316
45.25,-0.75,FR,121520.25246954
45.75,-0.75,FR,226906.082489014
46.25,-0.75,FR,176589.457733154
46.75,-0.75,FR,146357.841491699
47.25,-0.75,FR,373868.447937012
47.75,-0.75,FR,179464.263641357
48.25,-0.75,FR,192354.205993652
48.75,-0.75,FR,124161.432312012
49.25,-0.75,FR,120047.30078125
42.75,-0.25,FR,23578.6485853195
43.25,-0.25,FR,316351.421348572
43.75,-0.25,FR,96459.1552047729
44.25,-0.25,FR,37085.3449382782
44.75,-0.25,FR,335943.966918945
45.25,-0.25,FR,140988.293388367
45.75,-0.25,FR,121151.981521606
46.25,-0.25,FR,177696.185646057
46.75,-0.25,FR,103012.015823364
47.25,-0.25,FR,194701.929779053
47.75,-0.25,FR,150854.49697876
48.25,-0.25,FR,74499.161239624
48.75,-0.25,FR,101881.852371216
49.25,-0.25,FR,395046.215085983
42.75,0.25,FR,20965.0921030045
43.25,0.25,FR,178291.272232056
43.75,0.25,FR,57120.7121047974
44.25,0.25,FR,101009.633340836
44.75,0.25,FR,142936.122268677
45.25,0.25,FR,77860.5869064331
45.75,0.25,FR,208712.300956726
46.25,0.25,FR,80321.3274993896
46.75,0.25,FR,264765.839157104
47.25,0.25,FR,109481.180877686
47.75,0.25,FR,250593.290725708
48.25,0.25,FR,251552.085662842
48.75,0.25,FR,62343.3235321045
49.25,0.25,FR,247534.707122803
49.75,0.25,FR,246974.223543167
42.75,0.75,FR,31571.2309646606
43.25,0.75,FR,96550.1700286865
43.75,0.75,FR,90833.868560791
44.25,0.75,FR,217146.726974487
44.75,0.75,FR,82021.4858856201
45.25,0.75,FR,150301.144012451
45.75,0.75,FR,76607.7488250732
46.25,0.75,FR,45582.0241699219
46.75,0.75,FR,105211.542739868
47.25,0.75,FR,455240.583587646
47.75,0.75,FR,84445.9401855469
48.25,0.75,FR,95337.8027801514
48.75,0.75,FR,93577.522064209
49.25,0.75,FR,215450.489532471
49.75,0.75,FR,175074.99477005
42.75,1.25,FR,39834.7045860291
43.25,1.25,FR,219010.747528076
43.75,1.25,FR,1105586.3034668
44.25,1.25,FR,179298.760742188
44.75,1.25,FR,87175.407585144
45.25,1.25,FR,110406.821548462
45.75,1.25,FR,305420.23538208
46.25,1.25,FR,50409.5469818115
46.75,1.25,FR,45794.242275238
47.25,1.25,FR,99107.4991950989
47.75,1.25,FR,170206.199768066
48.25,1.25,FR,162167.240539551
48.75,1.25,FR,190825.147445679
49.25,1.25,FR,711679.160369873
49.75,1.25,FR,190293.268814147
50.25,1.25,FR,30343.2243423462
42.25,1.75,FR,104937.180797577
42.75,1.75,FR,122747.977359772
43.25,1.75,FR,166425.685707092
43.75,1.75,FR,263381.056167603
44.25,1.75,FR,65660.0643234253
44.75,1.75,FR,68599.7987747192
45.25,1.75,FR,139603.543384552
45.75,1.75,FR,34340.1343002319
46.25,1.75,FR,65151.3098602295
46.75,1.75,FR,128132.305500031
47.25,1.75,FR,73897.6834907532
47.75,1.75,FR,362116.25793457
48.25,1.75,FR,109336.88494873
48.75,1.75,FR,599023.927124023
49.25,1.75,FR,244009.468902588
49.75,1.75,FR,101470.889419556
50.25,1.75,FR,176411.581392884
50.75,1.75,FR,330542.16305542
42.25,2.25,FR,133128.041246414
42.75,2.25,FR,44673.9223976135
43.25,2.25,FR,190123.625720978
43.75,2.25,FR,230575.018432617
44.25,2.25,FR,95121.4226531982
44.75,2.25,FR,118818.675559998
45.25,2.25,FR,45101.8651885986
45.75,2.25,FR,38902.1164245605
46.25,2.25,FR,38818.6759109497
46.75,2.25,FR,56204.7509155273
47.25,2.25,FR,171231.484062195
47.75,2.25,FR,122555.892669678
48.25,2.25,FR,169775.12663269
48.75,2.25,FR,8939169.80432129
49.25,2.25,FR,990477.716308594
49.75,2.25,FR,282888.141830444
50.25,2.25,FR,134408.316299438
50.75,2.25,FR,317969.102508545
42.25,2.75,FR,240912.588500977
42.75,2.75,FR,400789.619838715
43.25,2.75,FR,140694.743797302
43.75,2.75,FR,36885.2049751282
44.25,2.75,FR,101992.252716064
44.75,2.75,FR,39381.636631012
45.25,2.75,FR,26807.457490921
45.75,2.75,FR,51329.063659668
46.25,2.75,FR,115225.852172852
46.75,2.75,FR,49592.947593689
47.25,2.75,FR,69528.9451599121
47.75,2.75,FR,113682.476119995
48.25,2.75,FR,262906.970489502
48.75,2.75,FR,1942792.77709961
49.25,2.75,FR,354730.848846436
49.75,2.75,FR,154521.109375
50.25,2.75,FR,618551.773773193
42.75,3.25,FR,64042.5757141113
43.25,3.25,FR,329390.326927185
43.75,3.25,FR,102833.468626976
44.25,3.25,FR,51045.1493835449
44.75,3.25,FR,46056.4877510071
45.25,3.25,FR,69803.3783874512
45.75,3.25,FR,502894.991317749
46.25,3.25,FR,140445.79284668
46.75,3.25,FR,130691.983219147
47.25,3.25,FR,76329.0492401123
47.75,3.25,FR,69637.2098846436
48.25,3.25,FR,162114.828109741
48.75,3.25,FR,170676.05708313
49.25,3.25,FR,177150.386169434
49.75,3.25,FR,232971.898864746
43.25,3.75,FR,144603.183906555
43.75,3.75,FR,613539.341842651
44.25,3.75,FR,38818.0434131622
44.75,3.75,FR,37975.7638034821
45.25,3.75,FR,94372.7312164307
45.75,3.75,FR,74733.3687591553
46.25,3.75,FR,59583.6409759521
46.75,3.75,FR,39594.0057678223
47.25,3.75,FR,39216.4914398193
47.75,3.75,FR,127718.034416199
48.25,3.75,FR,70583.0583648682
48.75,3.75,FR,74639.666633606
49.25,3.75,FR,156259.302368164
49.75,3.75,FR,110427.514923096
43.25,4.25,FR,6401.19102168083
43.75,4.25,FR,503035.522232056
44.25,4.25,FR,207063.787033081
44.75,4.25,FR,88750.1686687469
45.25,4.25,FR,421772.074150085
45.75,4.25,FR,259250.570831299
46.25,4.25,FR,177571.324432373
46.75,4.25,FR,132219.803764343
47.25,4.25,FR,35593.8958206177
47.75,4.25,FR,39738.2232208252
48.25,4.25,FR,192059.527351379
48.75,4.25,FR,97221.0326652527
49.25,4.25,FR,279054.559379578
43.25,4.75,FR,61845.0653181076
43.75,4.75,FR,482087.150896072
44.25,4.75,FR,312957.056106567
44.75,4.75,FR,342031.79006958
45.25,4.75,FR,317057.084960938
45.75,4.75,FR,1836957.85083008
46.25,4.75,FR,260048.426055908
46.75,4.75,FR,204524.043807983
47.25,4.75,FR,131005.137962341
47.75,4.75,FR,22066.3612794876
48.25,4.75,FR,40880.5966415405
48.75,4.75,FR,90695.3022384644
49.25,4.75,FR,35387.0549468994
42.75,5.25,FR,10
43.25,5.25,FR,1219175.11142731
43.75,5.25,FR,476329.433647156
44.25,5.25,FR,130818.47321701
44.75,5.25,FR,62310.0318717957
45.25,5.25,FR,241599.017166138
45.75,5.25,FR,458178.914428711
46.25,5.25,FR,191013.099319458
46.75,5.25,FR,102901.80531311
47.25,5.25,FR,357556.76008606
47.75,5.25,FR,50914.5199050903
48.25,5.25,FR,65771.7129821777
48.75,5.25,FR,70854.7991714478
49.25,5.25,FR,60236.6568164825
42.75,5.75,FR,10
43.25,5.75,FR,718466.441436768
43.75,5.75,FR,165275.62538147
44.25,5.75,FR,51975.66796875
44.75,5.75,FR,45801.1657485962
45.25,5.75,FR,662632.231437683
45.75,5.75,FR,376609.102279663
46.25,5.75,FR,172199.377471924
46.75,5.75,FR,108973.349716187
47.25,5.75,FR,178733.424194336
47.75,5.75,FR,40541.770904541
48.25,5.75,FR,55984.4948272705
48.75,5.75,FR,100352.645843506
42.75,6.25,FR,3612.67453384399
43.25,6.25,FR,349483.992267609
43.75,6.25,FR,90329.7868885994
44.25,6.25,FR,55153.0538063049
44.75,6.25,FR,80433.0329356194
45.25,6.25,FR,84007.2154769897
45.75,6.25,FR,350318.44519043
46.75,6.25,FR,143038.500175476
47.25,6.25,FR,199048.452087402
47.75,6.25,FR,119708.860488892
48.25,6.25,FR,133078.305976868
48.75,6.25,FR,475535.271072388
43.25,6.75,FR,172746.827141762
43.75,6.75,FR,307265.330799103
45.25,6.75,FR,42981.4849765301
47.25,6.75,FR,275357.14666748
47.75,6.75,FR,297747.126373291
48.25,6.75,FR,175281.679840088
48.75,6.75,FR,77270.9569015503
43.25,7.25,FR,10
43.75,7.25,FR,952681.175880432
47.75,7.25,FR,528558.284515381
48.25,7.25,FR,316602.830596924
48.75,7.25,FR,208497.976852417
48.75,7.75,FR,845166.47164917
41.25,8.25,FR,10
41.75,8.25,FR,10
42.25,8.25,FR,10
41.25,8.75,FR,699.388669967651
41.75,8.75,FR,121025.881945997
42.25,8.75,FR,19413.3891305178
41.25,9.25,FR,41244.3886366244
41.75,9.25,FR,35813.4739281386
42.25,9.25,FR,41726.6880102158
51.75,-10.75,IE,10
52.25,-10.75,IE,53.4113957062364
51.25,-10.25,IE,10
51.75,-10.25,IE,7425.89213207364
52.25,-10.25,IE,9692.99002124579
53.25,-10.25,IE,3891.83631372452
53.75,-10.25,IE,3297.53227685019
54.25,-10.25,IE,2371.40757283568
51.25,-9.75,IE,527.573989927769
51.75,-9.75,IE,17182.5345262997
52.25,-9.75,IE,90898.9689135253
52.75,-9.75,IE,7521.06574071944
53.25,-9.75,IE,12141.8721196651
53.75,-9.75,IE,22828.9197411686
54.25,-9.75,IE,7065.12518787384
51.25,-9.25,IE,1197.84523153305
51.75,-9.25,IE,40708.6836509705
52.25,-9.25,IE,71269.0025482178
52.75,-9.25,IE,45611.4151306152
53.25,-9.25,IE,108806.31251955
53.75,-9.25,IE,62561.8758406639
54.25,-9.25,IE,33401.7783511877
51.25,-8.75,IE,10
51.75,-8.75,IE,146355.612135887
52.25,-8.75,IE,82650.5142745972
52.75,-8.75,IE,214482.431388855
53.25,-8.75,IE,108582.523612976
53.75,-8.75,IE,62578.7809753418
54.25,-8.75,IE,36687.2188205719
54.75,-8.75,IE,3582.98349217325
51.75,-8.25,IE,280267.253769875
52.25,-8.25,IE,74670.2559280396
52.75,-8.25,IE,77126.8957595825
53.25,-8.25,IE,46957.5399131775
53.75,-8.25,IE,53540.5309371948
54.75,-8.25,IE,33132.6617099047
55.25,-8.25,IE,12915.0379873514
51.75,-7.75,IE,18236.2885716408
52.25,-7.75,IE,83926.1227912903
52.75,-7.75,IE,68991.3887023926
53.25,-7.75,IE,89107.2566757202
53.75,-7.75,IE,68178.1915168762
54.75,-7.75,IE,82827.5312023163
55.25,-7.75,IE,23040.4745532274
51.75,-7.25,IE,10
52.25,-7.25,IE,128503.101528168
52.75,-7.25,IE,99394.1699371338
53.25,-7.25,IE,153129.09765625
53.75,-7.25,IE,100879.666793823
55.25,-7.25,IE,110067.010834515
51.75,-6.75,IE,10
52.25,-6.75,IE,68777.2331867814
52.75,-6.75,IE,130947.479949951
53.25,-6.75,IE,261499.188835144
53.75,-6.75,IE,158255.880249023
52.25,-6.25,IE,42373.299342962
52.75,-6.25,IE,104027.904751644
53.25,-6.25,IE,1556965.49734306
49.25,5.75,LU,184394.939865112
49.75,5.75,LU,320996.746826172
51.25,3.25,NL,438645.193862915
51.25,3.75,NL,753183.189601898
51.75,3.75,NL,119119.95475699
51.25,4.25,NL,1494973.2760489
51.75,4.25,NL,1293387.9715271
52.25,4.25,NL,1165331.47767925
52.75,4.25,NL,10
51.25,4.75,NL,791469.748046875
51.75,4.75,NL,1368728.80395508
52.25,4.75,NL,2389545.6246376
52.75,4.75,NL,580855.971857548
51.25,5.25,NL,819846.153808594
51.75,5.25,NL,1036833.89819336
52.25,5.25,NL,1647905.94411278
52.75,5.25,NL,256123.002954747
53.25,5.25,NL,48387.3409636021
51.25,5.75,NL,725631.063110352
51.75,5.75,NL,992058.562133789
52.25,5.75,NL,734198.885192871
52.75,5.75,NL,265854.260207176
53.25,5.75,NL,299122.805428825
51.75,6.25,NL,557587.336303711
52.25,6.25,NL,580321.73046875
52.75,6.25,NL,374745.85546875
53.25,6.25,NL,281444.491928935
52.75,6.75,NL,310243.672668457
70.75,-8.75,NO,12.6522403674317
58.75,4.75,NO,10
59.25,4.75,NO,202.545661136508
59.75,4.75,NO,10
60.75,4.75,NO,11395.5779053122
61.25,4.75,NO,1163.54150778521
61.75,4.75,NO,1390.81327408552
58.25,5.25,NO,10
58.75,5.25,NO,807.199326038361
59.25,5.25,NO,86242.6759585142
59.75,5.25,NO,35702.7821156732
60.25,5.25,NO,292666.435515642
60.75,5.25,NO,39911.763219595
61.25,5.25,NO,6546.99914351385
61.75,5.25,NO,14357.7183675766
62.25,5.25,NO,3695.99973297119
58.25,5.75,NO,2683.4250600338
58.75,5.75,NO,302622.289788604
59.25,5.75,NO,36288.1963353958
59.75,5.75,NO,20247.4017481506
60.25,5.75,NO,78441.8368641809
60.75,5.75,NO,14675.900970459
61.25,5.75,NO,11258.5315376222
61.75,5.75,NO,12853.3948764801
62.25,5.75,NO,28710.2956760228
58.25,6.25,NO,10035.1364839226
58.75,6.25,NO,28199.2312383652
59.25,6.25,NO,11781.0003724098
59.75,6.25,NO,11505.4893891811
60.25,6.25,NO,11865.9442576244
60.75,6.25,NO,9839.18557357788
61.25,6.25,NO,9604.14609545469
61.75,6.25,NO,10945.4644451141
62.25,6.25,NO,59922.5042191595
57.75,6.75,NO,10
58.25,6.75,NO,20983.4560763836
58.75,6.75,NO,7265.67655563354
59.25,6.75,NO,2840.3782915473
59.75,6.75,NO,6025.7272939682
60.25,6.75,NO,4114.07191753387
60.75,6.75,NO,7430.34722995758
61.25,6.75,NO,8374.07697173953
61.75,6.75,NO,6624.98462378979
62.25,6.75,NO,20362.2659564018
62.75,6.75,NO,15542.5374214649
57.75,7.25,NO,405.277134895325
58.25,7.25,NO,22870.9925327301
58.75,7.25,NO,3614.79615688324
59.25,7.25,NO,1382.58106064796
59.75,7.25,NO,2448.39952993393
60.25,7.25,NO,2144.439432621
60.75,7.25,NO,1631.55494688451
61.25,7.25,NO,6564.19592249393
61.75,7.25,NO,3960.24139672518
62.25,7.25,NO,5431.30288076401
62.75,7.25,NO,30011.7406539917
57.75,7.75,NO,975.855003356934
58.25,7.75,NO,80324.5719518661
58.75,7.75,NO,4530.72351670265
59.25,7.75,NO,2090.16070699692
59.75,7.75,NO,2003.4067337513
60.25,7.75,NO,1676.68730211258
60.75,7.75,NO,2941.93838787079
61.25,7.75,NO,5612.6115026474
61.75,7.75,NO,2128.12141370773
62.25,7.75,NO,4012.69285774231
62.75,7.75,NO,19710.9651536942
57.75,8.25,NO,10
58.25,8.25,NO,84427.3543865681
58.75,8.25,NO,6619.32409000397
59.25,8.25,NO,2899.64078176022
59.75,8.25,NO,3693.74794960022
60.25,8.25,NO,2905.62705373764
60.75,8.25,NO,4771.44115543365
61.25,8.25,NO,2724.42761325836
61.75,8.25,NO,1673.42398285866
62.25,8.25,NO,2737.95225381851
62.75,8.25,NO,5467.79207672924
63.25,8.25,NO,4786.68792697066
63.75,8.25,NO,1016.77402748168
58.25,8.75,NO,35804.875964582
58.75,8.75,NO,29421.8021316528
59.25,8.75,NO,8861.05484199524
59.75,8.75,NO,6469.69205570221
60.25,8.75,NO,2603.09534788132
60.75,8.75,NO,7288.59504032135
61.25,8.75,NO,3530.18508338928
61.75,8.75,NO,2582.13488817215
62.25,8.75,NO,2460.6675992012
62.75,8.75,NO,5724.04285907745
63.25,8.75,NO,6034.80079853535
63.75,8.75,NO,6371.94197940826
58.25,9.25,NO,10
58.75,9.25,NO,22203.9170303047
59.25,9.25,NO,45590.3413505554
59.75,9.25,NO,17574.4913597107
60.25,9.25,NO,4281.0610370636
60.75,9.25,NO,8425.48359584808
61.25,9.25,NO,6419.54778575897
61.75,9.25,NO,6348.16190910339
62.25,9.25,NO,3107.01069450378
62.75,9.25,NO,4940.8471736908
63.25,9.25,NO,6161.05507016182
63.75,9.25,NO,2169.77573934197
58.75,9.75,NO,7780.00991358608
59.25,9.75,NO,99579.4486999512
59.75,9.75,NO,48400.8791732788
60.25,9.75,NO,16936.7118349075
60.75,9.75,NO,7755.1501121521
61.25,9.75,NO,7483.74961280823
61.75,9.75,NO,6961.17680454254
62.25,9.75,NO,3089.71547031403
62.75,9.75,NO,4615.89401912689
63.25,9.75,NO,18689.9598722458
63.75,9.75,NO,9734.51856012456
58.75,10.25,NO,764.756903171539
59.25,10.25,NO,201526.984687805
59.75,10.25,NO,287235.878448486
60.25,10.25,NO,41576.649856329
60.75,10.25,NO,26872.7695064545
61.25,10.25,NO,29169.7709903717
61.75,10.25,NO,3738.50716018677
62.25,10.25,NO,3081.65124607086
62.75,10.25,NO,4378.10734939575
63.25,10.25,NO,175533.270743132
63.75,10.25,NO,9403.4859828949
64.25,10.25,NO,1507.9536896033
58.75,10.75,NO,1032.83624356985
59.25,10.75,NO,128697.895251036
59.75,10.75,NO,655417.00353241
60.25,10.75,NO,347505.700141907
60.75,10.75,NO,49219.2000732422
61.25,10.75,NO,28342.2866239548
61.75,10.75,NO,2086.75700616837
62.25,10.75,NO,3634.0496263504
62.75,10.75,NO,3870.13446521759
63.25,10.75,NO,68989.4237699509
63.75,10.75,NO,10596.9189247265
64.25,10.75,NO,3176.03859484196
58.75,11.25,NO,23115.3465938531
59.25,11.25,NO,107019.739326
59.75,11.25,NO,129739.385032654
60.25,11.25,NO,107249.237121582
60.75,11.25,NO,51998.3626270294
61.25,11.25,NO,16229.5850512981
61.75,11.25,NO,881.658669710159
62.25,11.25,NO,1898.29041099548
62.75,11.25,NO,2870.92129230499
63.25,11.25,NO,14364.8076877594
63.75,11.25,NO,27799.0981102586
64.25,11.25,NO,8504.60714149475
64.75,11.25,NO,6384.20143661229
59.75,11.75,NO,17471.35572052
60.25,11.75,NO,25711.3620061874
60.75,11.75,NO,20205.3424682617
61.25,11.75,NO,9424.32532262802
61.75,11.75,NO,1098.84539175034
62.25,11.75,NO,2028.95736857574
62.75,11.75,NO,2808.38706183434
63.25,11.75,NO,2618.63868570328
63.75,11.75,NO,16509.9969506264
64.25,11.75,NO,15391.4050121307
64.75,11.75,NO,6637.80324888229
60.25,12.25,NO,18987.5819549561
61.25,12.25,NO,4306.16964244843
63.75,12.25,NO,9728.1257994175
64.25,12.25,NO,3647.56946408749
64.75,12.25,NO,3175.39610481262
65.25,12.25,NO,3824.78386417031
65.75,12.25,NO,2992.20891080319
66.25,12.25,NO,1257.08179466054
64.25,12.75,NO,1403.42092067003
64.75,12.75,NO,1632.40746164322
65.25,12.75,NO,5038.84190797806
65.75,12.75,NO,8540.25875687599
66.25,12.75,NO,2819.19948166143
67.75,12.75,NO,1335.4762597084
64.25,13.25,NO,812.703301310539
64.75,13.25,NO,592.586132094264
65.25,13.25,NO,1650.43083357811
65.75,13.25,NO,7625.65203714371
66.25,13.25,NO,5979.68278861046
66.75,13.25,NO,1373.46600246057
67.75,13.25,NO,344.852826118469
68.25,13.25,NO,1487.85143715143
64.75,13.75,NO,373.017126571387
65.25,13.75,NO,718.738234907389
65.75,13.75,NO,3282.77868568897
66.25,13.75,NO,5712.15718991496
66.75,13.75,NO,5352.73618051037
67.75,13.75,NO,10
68.25,13.75,NO,9296.48917671666
65.25,14.25,NO,658.088937878609
65.75,14.25,NO,1341.64795048535
66.25,14.25,NO,6007.25116634369
66.75,14.25,NO,3945.7713662535
67.25,14.25,NO,5726.08670135285
68.25,14.25,NO,5252.72403210402
68.75,14.25,NO,520.007163539529
66.25,14.75,NO,5549.1459146142
66.75,14.75,NO,3575.39066672325
67.25,14.75,NO,28490.4968395829
67.75,14.75,NO,3100.43873442436
68.25,14.75,NO,6178.93379592896
68.75,14.75,NO,6288.96064627916
66.75,15.25,NO,5318.06283473969
67.25,15.25,NO,16681.7865685634
67.75,15.25,NO,3194.09659249336
68.25,15.25,NO,3329.59150782228
68.75,15.25,NO,9798.42613216443
66.75,15.75,NO,1597.58526778221
67.25,15.75,NO,4537.47858554125
67.75,15.75,NO,1579.25942087173
68.25,15.75,NO,1641.54844115674
68.75,15.75,NO,7494.04780639242
67.75,16.25,NO,1377.28344798088
68.25,16.25,NO,1406.74183982238
68.75,16.25,NO,19396.0861890018
67.75,16.75,NO,653.44927161932
68.25,16.75,NO,2253.42829978466
68.75,16.75,NO,8765.12310578674
69.25,16.75,NO,385.721889529377
68.25,17.25,NO,4914.1502052322
68.75,17.25,NO,3743.91701924196
69.25,17.25,NO,2136.886606507
68.25,17.75,NO,9213.72924947739
68.75,17.75,NO,4946.50721740723
69.25,17.75,NO,7171.71382877789
68.75,18.25,NO,2650.93868732452
69.25,18.25,NO,7850.22819717228
68.75,18.75,NO,1882.48022079468
69.25,18.75,NO,3848.54420779459
69.75,18.75,NO,19767.7558799148
68.25,19.25,NO,2711.83286736906
68.75,19.25,NO,1888.90124750137
69.25,19.25,NO,7227.07734978199
69.75,19.25,NO,21000.3317914009
68.25,19.75,NO,2404.06345021725
68.75,19.75,NO,2000.592710495
69.25,19.75,NO,8928.42191243172
69.75,19.75,NO,12427.7219656259
69.25,20.25,NO,1444.88576617651
69.75,20.25,NO,2332.68071075063
69.25,20.75,NO,1550.07586970925
69.75,20.75,NO,1863.84959954023
69.25,21.25,NO,943.087046027184
69.75,21.25,NO,1313.43525967374
69.25,21.75,NO,1035.90203714371
69.75,21.75,NO,791.366499967873
70.25,21.75,NO,482.62924469338
68.75,22.25,NO,261.389904737473
69.25,22.25,NO,1153.01615786552
69.75,22.25,NO,1076.42805826664
70.25,22.25,NO,1128.17214390263
70.75,22.25,NO,338.183223197237
68.75,22.75,NO,295.521967411041
69.25,22.75,NO,322.964194953442
69.75,22.75,NO,3932.98863530159
70.25,22.75,NO,3684.39731051028
70.75,22.75,NO,1948.38968673497
68.75,23.25,NO,293.239025592804
69.25,23.25,NO,316.94796860218
69.75,23.25,NO,3373.69250125485
70.25,23.25,NO,4045.3066297248
70.75,23.25,NO,3951.98152098618
68.75,23.75,NO,276.776721894741
69.25,23.75,NO,320.972874879837
69.75,23.75,NO,3597.95777022839
70.25,23.75,NO,2984.52204993367
70.75,23.75,NO,2835.47322100773
68.75,24.25,NO,288.287120699883
69.25,24.25,NO,370.304584622383
69.75,24.25,NO,1578.53336309455
70.25,24.25,NO,612.803108930588
70.75,24.25,NO,433.985465692356
68.75,24.75,NO,322.87860262394
69.25,24.75,NO,521.093715667725
69.75,24.75,NO,643.112533807755
70.25,24.75,NO,713.331554237753
70.75,24.75,NO,656.472239069641
68.75,25.25,NO,467.464936971664
69.25,25.25,NO,549.604504108429
69.75,25.25,NO,653.027760028839
70.25,25.25,NO,398.669182127574
70.75,25.25,NO,976.391815534154
69.75,25.75,NO,592.188309431076
70.25,25.75,NO,743.803282432258
70.75,25.75,NO,1252.00910904771
69.75,26.25,NO,412.422484755516
70.25,26.25,NO,427.48624920845
70.75,26.25,NO,1241.52696255036
69.75,26.75,NO,295.186640739441
70.25,26.75,NO,420.002248306759
70.25,27.25,NO,573.481813907623
70.75,27.25,NO,240.225628943241
69.75,27.75,NO,259.59502530098
70.25,27.75,NO,628.7127212286
70.75,27.75,NO,490.667182832956
69.75,28.25,NO,488.649723172188
70.25,28.25,NO,647.590984374285
70.75,28.25,NO,318.503844792023
69.75,28.75,NO,1192.07552742958
70.25,28.75,NO,584.575506687164
70.75,28.75,NO,517.957845741883
69.25,29.25,NO,2833.61001372337
69.75,29.25,NO,2265.77591657639
70.25,29.25,NO,2452.36371819302
70.75,29.25,NO,489.805502429605
69.25,29.75,NO,3783.98401689529
69.75,29.75,NO,2147.68798103835
70.25,29.75,NO,3104.52389246225
69.75,30.25,NO,1875.48489673622
70.25,30.25,NO,2186.60146953166
58.25,10.75,SE,10
57.75,11.25,SE,60.8215668201447
58.25,11.25,SE,22491.9077862054
56.75,11.75,SE,196.500218391418
57.25,11.75,SE,17261.6870803833
57.75,11.75,SE,502136.237665176
58.25,11.75,SE,94047.4032897949
58.75,11.75,SE,17794.8205566406
59.25,11.75,SE,18372.0588359833
56.25,12.25,SE,49934.8251823783
56.75,12.25,SE,15112.6055305004
57.25,12.25,SE,106306.117576122
57.75,12.25,SE,398966.484583855
58.25,12.25,SE,121088.789007187
58.75,12.25,SE,20093.3208694458
59.25,12.25,SE,11416.9052004814
59.75,12.25,SE,12890.8231124878
60.75,12.25,SE,8617.05051803589
61.75,12.25,SE,1297.15676116943
62.25,12.25,SE,1327.58215093613
62.75,12.25,SE,1262.96001279354
63.25,12.25,SE,2401.49281287193
55.25,12.75,SE,19161.1143908501
55.75,12.75,SE,1141516.81262898
56.25,12.75,SE,281261.692570686
56.75,12.75,SE,109668.426955462
57.25,12.75,SE,25984.687953949
57.75,12.75,SE,145346.787475586
58.25,12.75,SE,35966.4832641482
58.75,12.75,SE,5598.38128703833
59.25,12.75,SE,20630.8318377137
59.75,12.75,SE,24259.2023448944
60.25,12.75,SE,7438.70533180237
60.75,12.75,SE,1816.76029062271
61.25,12.75,SE,2496.94486904144
61.75,12.75,SE,777.893924713135
62.25,12.75,SE,952.402242898941
62.75,12.75,SE,728.563881397247
63.25,12.75,SE,2326.3201764822
63.75,12.75,SE,1254.19947875524
55.25,13.25,SE,71684.351524353
55.75,13.25,SE,519373.357543945
56.25,13.25,SE,58119.4382095337
56.75,13.25,SE,32591.3085803986
57.25,13.25,SE,21249.9430103302
57.75,13.25,SE,52190.8169174194
58.25,13.25,SE,59782.9613952637
58.75,13.25,SE,19009.4733871911
59.25,13.25,SE,54589.6350689083
59.75,13.25,SE,28174.4793777466
60.25,13.25,SE,6223.43057632446
60.75,13.25,SE,2746.4364900589
61.25,13.25,SE,2151.35107564926
61.75,13.25,SE,826.228623867035
62.25,13.25,SE,1160.1666135788
62.75,13.25,SE,735.359825357795
63.25,13.25,SE,1892.76086986065
63.75,13.25,SE,560.404416620731
55.25,13.75,SE,34930.6154745221
55.75,13.75,SE,68158.3689193726
56.25,13.75,SE,67724.6802330017
56.75,13.75,SE,26890.1706534028
57.25,13.75,SE,37234.6313533783
57.75,13.75,SE,24753.0343284607
58.25,13.75,SE,86232.7522506714
58.75,13.75,SE,30340.2088865638
59.25,13.75,SE,57956.0541932583
59.75,13.75,SE,16865.1602897644
60.25,13.75,SE,7787.07783889771
60.75,13.75,SE,6433.79398918152
61.25,13.75,SE,3418.96087741852
61.75,13.75,SE,1631.23649215698
62.25,13.75,SE,1235.51097202301
62.75,13.75,SE,1345.03106927872
63.25,13.75,SE,3452.16618442535
63.75,13.75,SE,1449.98698925972
64.25,13.75,SE,633.136881828308
55.75,14.25,SE,46973.6720849723
56.25,14.25,SE,79962.6496047974
56.75,14.25,SE,29449.896320343
57.25,14.25,SE,31461.4775333405
57.75,14.25,SE,143407.809577525
58.25,14.25,SE,29462.4220896959
58.75,14.25,SE,19224.1141771749
59.25,14.25,SE,40552.9583883286
59.75,14.25,SE,10491.1809406281
60.25,14.25,SE,7322.5652256012
60.75,14.25,SE,8838.56563472748
61.25,14.25,SE,7592.18126296997
61.75,14.25,SE,2854.31972122192
62.25,14.25,SE,1245.77382618189
62.75,14.25,SE,2275.48179674149
63.25,14.25,SE,8786.46810657531
63.75,14.25,SE,1609.06974220276
64.25,14.25,SE,567.898257434368
64.75,14.25,SE,246.703568570316
55.75,14.75,SE,87.8485887050629
56.25,14.75,SE,68435.6561203003
56.75,14.75,SE,93342.3200759888
57.25,14.75,SE,25073.2216796875
57.75,14.75,SE,45544.368270874
58.25,14.75,SE,28828.305214582
58.75,14.75,SE,21565.0404395014
59.25,14.75,SE,40926.8931922913
59.75,14.75,SE,13033.6894750595
60.25,14.75,SE,10152.3647947311
60.75,14.75,SE,11386.8918477595
61.25,14.75,SE,5969.59190762043
61.75,14.75,SE,1097.45141077042
62.25,14.75,SE,1345.86551952362
62.75,14.75,SE,4314.14176476002
63.25,14.75,SE,54606.927980423
63.75,14.75,SE,1339.54223632812
64.25,14.75,SE,1014.78489303589
64.75,14.75,SE,367.852356791496
65.25,14.75,SE,920.742462396622
65.75,14.75,SE,595.066504478455
55.75,15.25,SE,10
56.25,15.25,SE,33322.9699997306
56.75,15.25,SE,16377.191532135
57.25,15.25,SE,25044.3482894897
57.75,15.25,SE,15505.4065485001
58.25,15.25,SE,47009.6062259674
58.75,15.25,SE,42877.1944541931
59.25,15.25,SE,175619.595077515
59.75,15.25,SE,20252.0787162781
60.25,15.25,SE,66204.7400283813
60.75,15.25,SE,33219.4535131454
61.25,15.25,SE,4870.34953069687
61.75,15.25,SE,2755.87925744057
62.25,15.25,SE,2979.52598500252
62.75,15.25,SE,3215.27326440811
63.25,15.25,SE,6951.66893386841
63.75,15.25,SE,2008.31755757332
64.25,15.25,SE,1803.71987879276
64.75,15.25,SE,932.37733605504
65.25,15.25,SE,853.173993706703
65.75,15.25,SE,389.967647373676
66.25,15.25,SE,4161.23440337181
55.75,15.75,SE,10
56.25,15.75,SE,69040.885992527
56.75,15.75,SE,22459.3027420044
57.25,15.75,SE,12844.9616985321
57.75,15.75,SE,21445.6732149124
58.25,15.75,SE,152583.810358047
58.75,15.75,SE,44734.9682579041
59.25,15.75,SE,29888.5476808548
59.75,15.75,SE,26960.3768043518
60.25,15.75,SE,26782.9287014008
60.75,15.75,SE,48235.2329268456
61.25,15.75,SE,8110.68113088608
61.75,15.75,SE,6245.28067207336
62.25,15.75,SE,5828.42061805725
62.75,15.75,SE,2957.43789100647
63.25,15.75,SE,1967.27240157127
63.75,15.75,SE,2152.61068213731
64.25,15.75,SE,1303.74338355704
64.75,15.75,SE,1107.36154389381
65.25,15.75,SE,985.404458284378
65.75,15.75,SE,407.992692947388
66.25,15.75,SE,359.115258693695
56.25,16.25,SE,5946.54286687821
56.75,16.25,SE,79279.3902506828
57.25,16.25,SE,32709.5320510864
57.75,16.25,SE,11323.7175769806
58.25,16.25,SE,22986.3976669312
58.75,16.25,SE,124732.242515564
59.25,16.25,SE,87593.8948097229
59.75,16.25,SE,91438.7704811096
60.25,16.25,SE,31882.511341095
60.75,16.25,SE,19051.6999168396
61.25,16.25,SE,19595.275144577
61.75,16.25,SE,8837.37075996399
62.25,16.25,SE,4968.93298721313
62.75,16.25,SE,2626.22820353508
63.25,16.25,SE,2697.52770233154
63.75,16.25,SE,1403.51576352119
64.25,16.25,SE,1259.31470131874
64.75,16.25,SE,998.461495161057
65.25,16.25,SE,1023.21843218803
65.75,16.25,SE,606.439092516899
66.25,16.25,SE,325.508012890816
66.75,16.25,SE,392.325703501701
67.25,16.25,SE,3373.3808802031
56.25,16.75,SE,626.106662094593
56.75,16.75,SE,15883.5782526433
57.75,16.75,SE,25160.2544238567
58.25,16.75,SE,12673.2786793113
58.75,16.75,SE,33012.0813143253
59.25,16.75,SE,71321.3631782532
59.75,16.75,SE,118223.676820755
60.25,16.75,SE,12513.3870706558
60.75,16.75,SE,40698.9393808842
61.25,16.75,SE,13333.307050705
61.75,16.75,SE,12421.2735205293
62.25,16.75,SE,11739.891661644
62.75,16.75,SE,3507.45625591278
63.25,16.75,SE,3014.95667552948
63.75,16.75,SE,1592.5530257225
64.25,16.75,SE,963.139583110809
64.75,16.75,SE,1043.83812069893
65.25,16.75,SE,1043.91634854674
65.75,16.75,SE,404.274604678154
66.25,16.75,SE,296.764682173729
66.75,16.75,SE,276.334315121174
67.25,16.75,SE,264.580639543943
58.25,17.25,SE,108.253811538219
58.75,17.25,SE,53164.7601740062
59.25,17.25,SE,53582.9222061634
59.75,17.25,SE,61265.7980384827
60.25,17.25,SE,20064.3637638092
60.75,17.25,SE,94316.4020927275
61.25,17.25,SE,18507.7165899873
61.75,17.25,SE,23976.1014790982
62.25,17.25,SE,88270.8618335724
62.75,17.25,SE,14520.8091607094
63.25,17.25,SE,12329.8855953217
63.75,17.25,SE,1650.14729404449
64.25,17.25,SE,788.940870761871
64.75,17.25,SE,1184.87451696396
65.25,17.25,SE,900.469561517239
65.75,17.25,SE,350.390353918076
66.25,17.25,SE,252.629516035318
66.75,17.25,SE,279.490088164806
67.25,17.25,SE,292.6889346838
67.75,17.25,SE,445.67758102715
56.75,17.75,SE,10
57.25,17.75,SE,16.8654922246933
58.75,17.75,SE,30393.556996882
59.25,17.75,SE,931211.407585144
59.75,17.75,SE,331429.93081665
60.25,17.75,SE,24012.0448150635
62.25,17.75,SE,5447.78584814817
62.75,17.75,SE,27381.4977416992
63.25,17.75,SE,3738.2714509964
63.75,17.75,SE,1748.29009866714
64.25,17.75,SE,869.478123188019
64.75,17.75,SE,2070.71400022507
65.25,17.75,SE,666.823879599571
65.75,17.75,SE,289.490671231411
66.25,17.75,SE,231.411802757299
66.75,17.75,SE,282.397837072611
67.25,17.75,SE,276.563406676054
67.75,17.75,SE,662.230049550533
56.75,18.25,SE,595.881391018629
57.25,18.25,SE,10900.1658062488
57.75,18.25,SE,31092.9368001223
58.75,18.25,SE,4159.20111068711
59.25,18.25,SE,1196535.8866055
59.75,18.25,SE,76063.3848190308
60.25,18.25,SE,17741.3405054808
62.75,18.25,SE,8343.00211462379
63.25,18.25,SE,11063.8303370476
63.75,18.25,SE,2425.15768861771
64.25,18.25,SE,1457.09585022926
64.75,18.25,SE,2618.6214838028
65.25,18.25,SE,1793.02137231827
65.75,18.25,SE,459.064066961408
66.25,18.25,SE,272.438771367073
66.75,18.25,SE,294.991423606873
67.25,18.25,SE,298.466255024076
67.75,18.25,SE,1258.60043162107
68.25,18.25,SE,4420.52229404449
57.25,18.75,SE,3878.75699982047
57.75,18.75,SE,9397.24661615491
59.25,18.75,SE,24870.6493424475
59.75,18.75,SE,39350.4852932692
63.25,18.75,SE,34613.3739722222
63.75,18.75,SE,2915.49612998962
64.25,18.75,SE,2451.11314344406
64.75,18.75,SE,2595.65385723114
65.25,18.75,SE,2072.50033473969
65.75,18.75,SE,1220.5463783741
66.25,18.75,SE,366.465088903904
66.75,18.75,SE,280.046711564064
67.25,18.75,SE,373.607052218169
67.75,18.75,SE,1428.55259490013
68.25,18.75,SE,2742.24117578566
63.25,19.25,SE,3288.90384664387
63.75,19.25,SE,5083.5325551033
64.25,19.25,SE,2557.95700263977
64.75,19.25,SE,2509.94358301163
65.25,19.25,SE,1864.50292682648
65.75,19.25,SE,1246.32964420319
66.25,19.25,SE,481.270615696907
66.75,19.25,SE,275.528152666287
67.25,19.25,SE,559.904564321041
67.75,19.25,SE,1467.90931153297
63.25,19.75,SE,245.206931620836
63.75,19.75,SE,20793.8153060079
64.25,19.75,SE,4889.18993663788
64.75,19.75,SE,2664.15610980988
65.25,19.75,SE,3776.20890283585
65.75,19.75,SE,1616.87287974358
66.25,19.75,SE,359.222194433212
66.75,19.75,SE,311.144175648689
67.25,19.75,SE,718.694497764111
67.75,19.75,SE,1683.94733381271
63.25,20.25,SE,10
63.75,20.25,SE,102400.626543045
64.25,20.25,SE,7964.98580265045
64.75,20.25,SE,8157.70925331116
65.25,20.25,SE,7335.5323009491
65.75,20.25,SE,5326.50194716454
66.25,20.25,SE,352.225412726402
66.75,20.25,SE,463.916982412338
67.25,20.25,SE,818.011742115021
67.75,20.25,SE,2042.54594993591
68.25,20.25,SE,1809.70991706848
68.75,20.25,SE,986.428980976343
63.75,20.75,SE,2912.46273370739
64.25,20.75,SE,5714.74704927206
64.75,20.75,SE,21997.948615551
65.25,20.75,SE,11084.9816551208
65.75,20.75,SE,7087.12450647354
66.25,20.75,SE,725.762676954269
66.75,20.75,SE,637.590629220009
67.25,20.75,SE,6862.07383561134
67.75,20.75,SE,1849.42693686485
68.25,20.75,SE,1094.03227436543
64.75,21.25,SE,30776.7757533789
65.25,21.25,SE,14051.4921798706
65.75,21.25,SE,14684.2562446594
66.25,21.25,SE,895.95350587368
66.75,21.25,SE,847.356222629547
67.25,21.25,SE,811.819845438004
67.75,21.25,SE,359.881519675255
68.25,21.25,SE,288.041107714176
65.25,21.75,SE,6261.29732453823
65.75,21.75,SE,26621.5507564545
66.25,21.75,SE,881.295925378799
66.75,21.75,SE,853.05034828186
67.25,21.75,SE,759.414531707764
67.75,21.75,SE,354.396377444267
68.25,21.75,SE,251.09723174572
65.25,22.25,SE,3125.72362196445
65.75,22.25,SE,52856.0002622679
66.25,22.25,SE,2828.37904691696
66.75,22.25,SE,1104.70662641525
67.25,22.25,SE,785.04802107811
67.75,22.25,SE,435.388298869133
65.25,22.75,SE,1310.19471883774
65.75,22.75,SE,4017.74477293342
66.25,22.75,SE,1887.79646444321
66.75,22.75,SE,1038.60682320595
67.25,22.75,SE,790.142084360123
67.75,22.75,SE,598.843326687813
65.75,23.25,SE,7826.84938652813
66.25,23.25,SE,5047.77954602242
66.75,23.25,SE,1442.87915897369
67.75,23.25,SE,788.175878047943
65.75,23.75,SE,5864.44522465207
54.25,-8.25,UK,60907.0078926086
54.25,-7.75,UK,57817.6976242065
56.75,-7.75,UK,301.564320549369
57.25,-7.75,UK,19.5417518615723
54.25,-7.25,UK,68709.7518844604
54.75,-7.25,UK,142268.825046539
56.75,-7.25,UK,775.190282732248
57.25,-7.25,UK,3749.05967831053
57.75,-7.25,UK,1810.80524642672
58.25,-7.25,UK,243.904490488349
54.25,-6.75,UK,136334.717819214
54.75,-6.75,UK,145117.76304245
55.25,-6.75,UK,92204.1016060114
55.75,-6.75,UK,39.6997184753418
56.75,-6.75,UK,536.672920664772
57.25,-6.75,UK,1067.95327977464
57.75,-6.75,UK,1876.80899430512
58.25,-6.75,UK,3392.81847842969
53.75,-6.25,UK,262901.60968399
54.25,-6.25,UK,317431.623474121
54.75,-6.25,UK,275319.362737864
55.25,-6.25,UK,31484.3776489496
55.75,-6.25,UK,3146.6073363414
56.25,-6.25,UK,856.623227588134
56.75,-6.25,UK,1827.17021945026
57.25,-6.25,UK,5602.32762084529
57.75,-6.25,UK,1565.98507402558
49.75,-5.75,UK,10
50.25,-5.75,UK,34870.8168282174
53.75,-5.75,UK,10
54.25,-5.75,UK,100527.753849208
54.75,-5.75,UK,638868.972207323
55.75,-5.75,UK,1434.33190042246
56.25,-5.75,UK,2311.94946551695
56.75,-5.75,UK,2979.06796060503
57.25,-5.75,UK,6727.68994277809
57.75,-5.75,UK,2530.74047179986
58.25,-5.75,UK,10
49.75,-5.25,UK,1667.54762554169
50.25,-5.25,UK,253790.010427371
51.25,-5.25,UK,10
51.75,-5.25,UK,30031.5965636969
54.75,-5.25,UK,16355.290266037
55.25,-5.25,UK,1694.70815439522
55.75,-5.25,UK,12664.7782525197
56.25,-5.25,UK,20272.7397282124
56.75,-5.25,UK,15457.9552380135
57.25,-5.25,UK,1470.62125706673
57.75,-5.25,UK,2822.49469052395
58.25,-5.25,UK,1818.95433692634
50.25,-4.75,UK,122177.169460297
50.75,-4.75,UK,49006.0552672297
51.25,-4.75,UK,179.039727210999
51.75,-4.75,UK,99648.4813079834
52.25,-4.75,UK,18865.3229374886
52.75,-4.75,UK,8066.46511352062
53.25,-4.75,UK,22114.6356229652
54.75,-4.75,UK,6368.23274961114
55.25,-4.75,UK,88103.6851703823
55.75,-4.75,UK,373604.087814257
56.25,-4.75,UK,27303.6589183807
56.75,-4.75,UK,3205.04987859726
57.25,-4.75,UK,4094.73952674866
57.75,-4.75,UK,4056.55961298943
58.25,-4.75,UK,597.207386493683
49.75,-4.25,UK,10
50.25,-4.25,UK,356060.589256108
50.75,-4.25,UK,106171.075668335
51.25,-4.25,UK,108050.979115963
51.75,-4.25,UK,232135.897031499
52.25,-4.25,UK,65244.7772183418
52.75,-4.25,UK,36336.792483354
53.25,-4.25,UK,114517.583529413
54.75,-4.25,UK,16421.3390274644
55.25,-4.25,UK,33804.3171312809
55.75,-4.25,UK,1437784.21727562
56.25,-4.25,UK,22450.6011862755
56.75,-4.25,UK,1583.29022836685
57.25,-4.25,UK,82454.0160191059
57.75,-4.25,UK,52623.3684494793
58.25,-4.25,UK,1759.75604641438
49.75,-3.75,UK,10
50.25,-3.75,UK,211597.381556392
50.75,-3.75,UK,238122.264072418
51.25,-3.75,UK,51391.6992855072
51.75,-3.75,UK,494037.878124237
52.25,-3.75,UK,22948.3808727264
52.75,-3.75,UK,26160.5871162415
53.25,-3.75,UK,122723.725671291
53.75,-3.75,UK,10
54.25,-3.75,UK,10624.8072567582
54.75,-3.75,UK,89764.7388327122
55.25,-3.75,UK,60525.8132228851
55.75,-3.75,UK,489305.406866074
56.25,-3.75,UK,282566.846207619
56.75,-3.75,UK,12347.3281257153
57.25,-3.75,UK,11768.9118323326
57.75,-3.75,UK,35510.4400857171
58.25,-3.75,UK,3574.279497643
50.25,-3.25,UK,1135.41370029747
50.75,-3.25,UK,271074.166532516
51.25,-3.25,UK,479369.188512057
51.75,-3.25,UK,932192.154323578
52.25,-3.25,UK,46047.7106781006
52.75,-3.25,UK,121721.97179985
53.25,-3.25,UK,648965.425512314
53.75,-3.25,UK,294877.094573367
54.25,-3.25,UK,106247.586005211
54.75,-3.25,UK,89878.7653093338
55.25,-3.25,UK,22861.1092181206
55.75,-3.25,UK,673035.342270851
56.25,-3.25,UK,437494.202273905
56.75,-3.25,UK,34232.0530176163
57.25,-3.25,UK,10920.6613326073
58.75,-3.25,UK,10784.6686080545
50.25,-2.75,UK,10
50.75,-2.75,UK,192438.936314583
51.25,-2.75,UK,918863.824630737
51.75,-2.75,UK,372409.079127267
52.25,-2.75,UK,170340.551269531
52.75,-2.75,UK,223635.316596985
53.25,-2.75,UK,1699628.49481201
53.75,-2.75,UK,998537.550537109
54.25,-2.75,UK,220477.358206272
54.75,-2.75,UK,147677.076892853
55.25,-2.75,UK,31830.1811523438
55.75,-2.75,UK,107961.057506561
56.25,-2.75,UK,198246.863967217
56.75,-2.75,UK,81267.3732179403
57.25,-2.75,UK,36881.7085170746
50.25,-2.25,UK,10
50.75,-2.25,UK,240104.816085219
51.25,-2.25,UK,561585.037162781
51.75,-2.25,UK,577604.864761353
52.25,-2.25,UK,784144.646820068
52.75,-2.25,UK,1212830.32345581
53.25,-2.25,UK,2085413.72252655
53.75,-2.25,UK,1724385.36955261
54.25,-2.25,UK,25654.2744350433
54.75,-2.25,UK,44524.3226623535
55.25,-2.25,UK,11095.6758432388
55.75,-2.25,UK,49893.3945753425
56.75,-2.25,UK,43103.0503139496
57.25,-2.25,UK,347494.01569438
50.25,-1.75,UK,10
50.75,-1.75,UK,623570.337972879
51.25,-1.75,UK,228836.175567627
51.75,-1.75,UK,422616.617050171
52.25,-1.75,UK,1639153.10427856
52.75,-1.75,UK,1291653.59796143
53.25,-1.75,UK,330176.561599731
53.75,-1.75,UK,2037424.02439117
54.25,-1.75,UK,136327.986494064
54.75,-1.75,UK,1049413.72337914
55.25,-1.75,UK,397076.911214262
59.75,-1.75,UK,71.2729225158691
60.25,-1.75,UK,857.226333737373
50.25,-1.25,UK,10
50.75,-1.25,UK,1160945.15185881
51.25,-1.25,UK,518363.24420166
51.75,-1.25,UK,529903.112762451
52.25,-1.25,UK,528103.439117432
52.75,-1.25,UK,1925924.45819092
53.25,-1.25,UK,1630981.34843445
53.75,-1.25,UK,1113040.92848206
54.25,-1.25,UK,147691.847488403
59.75,-1.25,UK,1875.25024059415
60.25,-1.25,UK,18719.4246825874
50.75,-0.75,UK,314716.00310272
51.25,-0.75,UK,1302243.36270142
51.75,-0.75,UK,981738.970428467
52.25,-0.75,UK,964931.848403931
52.75,-0.75,UK,216779.865463257
53.25,-0.75,UK,348012.303543091
53.75,-0.75,UK,284961.9766922
54.25,-0.75,UK,72857.0687268972
50.25,-0.25,UK,10
50.75,-0.25,UK,648827.754699707
51.25,-0.25,UK,4169600.80072021
51.75,-0.25,UK,5282743.59573364
52.25,-0.25,UK,467222.764907837
52.75,-0.25,UK,468626.32169342
53.25,-0.25,UK,137430.34513092
53.75,-0.25,UK,640665.817400098
50.25,0.25,UK,10
50.75,0.25,UK,339932.262176514
51.25,0.25,UK,1626264.65899658
51.75,0.25,UK,1991839.13027954
52.25,0.25,UK,482264.881851196
52.75,0.25,UK,233725.669806302
53.25,0.25,UK,98131.7205386637
50.75,0.75,UK,141299.402326345
51.25,0.75,UK,680093.139884949
51.75,0.75,UK,887065.67556572
52.25,0.75,UK,274130.018257141
52.75,0.75,UK,134359.840255737
50.75,1.25,UK,10
51.25,1.25,UK,521374.915278435
51.75,1.25,UK,179385.740258291
52.25,1.25,UK,367330.31890285
52.75,1.25,UK,441095.614694834
52.75,14.25,PL,78294.7034606934
53.25,14.25,PL,139361.12322998
53.75,14.25,PL,129552.285768867
51.25,14.75,PL,173620.734283447
51.75,14.75,PL,114760.845199585
52.25,14.75,PL,121115.202728271
52.75,14.75,PL,100814.756118774
53.25,14.75,PL,461901.886154175
53.75,14.75,PL,124094.056325912
50.75,15.25,PL,313612.820892334
51.25,15.25,PL,158261.598373413
51.75,15.25,PL,181309.80531311
52.25,15.25,PL,81541.6443939209
52.75,15.25,PL,204084.871368408
53.25,15.25,PL,123720.0496521
53.75,15.25,PL,89161.3583374023
50.75,15.75,PL,259016.660491943
51.25,15.75,PL,164892.496917725
51.75,15.75,PL,245556.601074219
52.25,15.75,PL,147498.734588623
52.75,15.75,PL,68309.9851379395
53.25,15.75,PL,49745.6689758301
53.75,15.75,PL,84650.2598419189
54.25,15.75,PL,103263.782562256
50.25,16.25,PL,211979.694091797
50.75,16.25,PL,627396.724533081
51.25,16.25,PL,312945.50189209
51.75,16.25,PL,173599.742401123
52.25,16.25,PL,168623.943786621
52.75,16.25,PL,95849.9959411621
53.25,16.25,PL,71689.8382110596
53.75,16.25,PL,63889.1718139648
54.25,16.25,PL,177789.40955019
50.25,16.75,PL,145417.521202087
50.75,16.75,PL,270441.582702637
51.25,16.75,PL,479034.073242188
51.75,16.75,PL,225641.384002686
52.25,16.75,PL,757966.15435791
52.75,16.75,PL,187257.72454834
53.25,16.75,PL,149716.952087402
53.75,16.75,PL,84211.6514434814
54.25,16.75,PL,91769.703918457
50.25,17.25,PL,158202.505149841
50.75,17.25,PL,211193.186645508
51.25,17.25,PL,509366.291931152
51.75,17.25,PL,159203.999755859
52.25,17.25,PL,330416.27331543
52.75,17.25,PL,138512.163146973
53.25,17.25,PL,115428.942626953
53.75,17.25,PL,66376.7516174316
54.25,17.25,PL,108433.444046021
54.75,17.25,PL,47308.6010191441
49.75,17.75,PL,195987.622825623
50.25,17.75,PL,156214.623352051
50.75,17.75,PL,237424.947784424
51.25,17.75,PL,143160.025360107
51.75,17.75,PL,262172.689331055
52.25,17.75,PL,174493.186553955
52.75,17.75,PL,188348.305358887
53.25,17.75,PL,244885.638122559
53.75,17.75,PL,128720.933654785
54.25,17.75,PL,110346.216918945
54.75,17.75,PL,84668.8440666199
49.75,18.25,PL,826895.698181152
50.25,18.25,PL,407012.964477539
50.75,18.25,PL,169595.269012451
51.25,18.25,PL,145345.46194458
51.75,18.25,PL,232359.385742188
52.25,18.25,PL,236997.817718506
52.75,18.25,PL,209666.345367432
53.25,18.25,PL,432473.396484375
53.75,18.25,PL,88427.4326171875
54.25,18.25,PL,330359.476409912
54.75,18.25,PL,338275.417847455
49.25,18.75,PL,375402.149841309
49.75,18.75,PL,604303.874755859
50.25,18.75,PL,1579849.8671875
50.75,18.75,PL,196867.740264893
51.25,18.75,PL,142647.35333252
51.75,18.75,PL,186226.601394653
52.25,18.75,PL,154780.335418701
52.75,18.75,PL,208287.696563721
53.25,18.75,PL,374547.912506104
53.75,18.75,PL,240483.323730469
54.25,18.75,PL,670523.610656738
49.75,19.25,PL,567371.984313965
50.25,19.25,PL,1284575.82055664
50.75,19.25,PL,440714.258361816
51.25,19.25,PL,216589.289215088
51.75,19.25,PL,776677.783325195
52.25,19.25,PL,169994.385375977
52.75,19.25,PL,206951.138427734
53.25,19.25,PL,151350.502746582
53.75,19.25,PL,94646.9079284668
54.25,19.25,PL,192880.258085251
49.25,19.75,PL,183358.284500122
49.75,19.75,PL,442778.687744141
50.25,19.75,PL,697330.448669434
50.75,19.75,PL,102191.041412354
51.25,19.75,PL,187647.742797852
51.75,19.75,PL,402276.143310547
52.25,19.75,PL,146020.992462158
52.75,19.75,PL,224306.885620117
53.25,19.75,PL,108682.392242432
53.75,19.75,PL,152850.586380005
49.25,20.25,PL,264128.467014313
49.75,20.25,PL,381898.056030273
50.25,20.25,PL,502936.691558838
50.75,20.25,PL,152217.347259521
51.25,20.25,PL,150344.774230957
51.75,20.25,PL,190647.446655273
52.25,20.25,PL,207057.855010986
52.75,20.25,PL,123691.012969971
53.25,20.25,PL,130324.518875122
53.75,20.25,PL,192179.031921387
49.25,20.75,PL,166901.227210999
49.75,20.75,PL,448622.872009277
50.25,20.75,PL,212669.921264648
50.75,20.75,PL,362436.324005127
51.25,20.75,PL,197400.194580078
51.75,20.75,PL,142816.80770874
52.25,20.75,PL,1335884.87283325
52.75,20.75,PL,131255.944061279
53.25,20.75,PL,67345.3532409668
53.75,20.75,PL,143576.230133057
49.25,21.25,PL,213875.763698578
49.75,21.25,PL,297617.202468872
50.25,21.25,PL,346627.45904541
50.75,21.25,PL,223502.587585449
51.25,21.25,PL,428550.750305176
51.75,21.25,PL,144071.077209473
52.25,21.25,PL,1520591.96374512
52.75,21.25,PL,131858.925201416
53.25,21.25,PL,72292.0140838623
53.75,21.25,PL,87572.5462646484
49.25,21.75,PL,90803.6279678345
49.75,21.75,PL,319453.380447388
50.25,21.75,PL,292976.385803223
50.75,21.75,PL,217777.096069336
51.25,21.75,PL,148607.551574707
51.75,21.75,PL,177135.550598145
52.25,21.75,PL,153159.737426758
52.75,21.75,PL,120069.605895996
53.25,21.75,PL,144838.652709961
53.75,21.75,PL,58967.2752497196
49.25,22.25,PL,57951.7666702271
49.75,22.25,PL,214331.690979004
50.25,22.25,PL,378069.418640137
50.75,22.25,PL,208423.282867432
51.25,22.25,PL,230303.953063965
51.75,22.25,PL,137737.958343506
52.25,22.25,PL,198942.868469238
52.75,22.25,PL,93098.9845275879
53.25,22.25,PL,117873.785934448
53.75,22.25,PL,141104.048095703
49.75,22.75,PL,208598.264953613
50.25,22.75,PL,155104.958251953
50.75,22.75,PL,120631.821502686
51.25,22.75,PL,518034.205780029
51.75,22.75,PL,121661.574035645
52.25,22.75,PL,93326.6076660156
52.75,22.75,PL,74638.4031066895
53.25,22.75,PL,79710.5758666992
53.75,22.75,PL,66934.1988677979
50.25,23.25,PL,125783.02331543
50.75,23.25,PL,189604.906555176
51.25,23.25,PL,126313.625823975
51.75,23.25,PL,59410.2161712646
52.75,23.25,PL,65902.5290374756
53.25,23.25,PL,393660.052780151
50.25,23.75,PL,133407.051422119
49.75,12.25,CZ,172572.712760925
49.25,12.75,CZ,151909.680274963
49.75,12.75,CZ,80603.2516708374
48.75,13.25,CZ,249408.315917969
49.25,13.25,CZ,98610.9513263702
49.75,13.25,CZ,328674.843307495
50.25,13.25,CZ,141618.756797791
48.75,13.75,CZ,122003.369541168
49.25,13.75,CZ,114460.650672913
49.75,13.75,CZ,152094.731829882
50.25,13.75,CZ,168592.798599243
48.75,14.25,CZ,157074.597673416
49.25,14.25,CZ,142271.086585999
49.75,14.25,CZ,353767.76083374
50.25,14.25,CZ,1126648.06787109
50.75,14.25,CZ,270661.373214722
49.25,14.75,CZ,140271.997871399
49.75,14.75,CZ,230708.977905273
50.25,14.75,CZ,894647.995773315
50.75,14.75,CZ,259936.114440918
48.75,15.25,CZ,78552.369720459
49.25,15.25,CZ,106664.856781006
49.75,15.25,CZ,135189.296554565
50.25,15.25,CZ,217586.782440186
48.75,15.75,CZ,79970.9312591553
49.25,15.75,CZ,189830.826553345
49.75,15.75,CZ,201773.404281616
50.25,15.75,CZ,373144.779571533
48.75,16.25,CZ,137061.617095947
49.25,16.25,CZ,230250.514923096
49.75,16.25,CZ,178142.339447021
48.75,16.75,CZ,175443.775817871
49.25,16.75,CZ,612572.736699581
49.75,16.75,CZ,188707.349563599
48.75,17.25,CZ,227560.02661705
49.25,17.25,CZ,321166.843505859
49.75,17.25,CZ,286791.549701691
49.25,17.75,CZ,323036.855499268
49.25,18.25,CZ,216922.109390259
48.25,16.75,SK,437622.455780029
47.75,17.25,SK,146719.881164551
48.25,17.25,SK,627603.923550129
47.75,17.75,SK,265861.359710693
48.25,17.75,SK,344872.057922363
48.75,17.75,SK,218896.333694458
47.75,18.25,SK,242880.815124512
48.25,18.25,SK,262931.354492188
48.75,18.25,SK,281378.161743164
48.25,18.75,SK,141908.930419922
48.75,18.75,SK,195703.609420776
48.25,19.25,SK,106644.045166016
48.75,19.25,SK,217682.086128235
49.25,19.25,SK,159991.511184692
48.25,19.75,SK,192747.442642212
48.75,19.75,SK,88151.0839691162
48.75,20.25,SK,109627.485683441
48.75,20.75,SK,184186.235237122
48.75,21.25,SK,448601.189613342
48.25,21.75,SK,165510.251464844
48.75,21.75,SK,273247.260131836
48.75,22.25,SK,240706.708825052
62.25,20.75,FI,10
62.75,20.75,FI,50.3535937778652
68.75,20.75,FI,170.523770451546
60.25,21.25,FI,3791.75815299153
60.75,21.25,FI,11041.745542245
61.25,21.25,FI,8267.73736011982
61.75,21.25,FI,2822.76416385174
62.25,21.25,FI,6687.39089983329
62.75,21.25,FI,8345.82478237152
68.75,21.25,FI,199.86255800724
60.25,21.75,FI,19569.4783389792
60.75,21.75,FI,28137.3620071411
61.25,21.75,FI,67491.6548728943
61.75,21.75,FI,53931.5053253174
62.25,21.75,FI,10340.8483219147
62.75,21.75,FI,19514.3049163818
63.25,21.75,FI,61892.6175491661
68.75,21.75,FI,225.795021831989
59.75,22.25,FI,689.656672029756
60.25,22.25,FI,166295.915580756
60.75,22.25,FI,123501.761206627
61.25,22.25,FI,32519.4065142721
61.75,22.25,FI,31508.4469451904
62.25,22.25,FI,12561.9456272125
62.75,22.25,FI,25911.6300582886
63.25,22.25,FI,12754.2951868214
63.75,22.25,FI,650.414150565863
68.25,22.25,FI,194.244516670704
59.75,22.75,FI,2928.01649039984
60.25,22.75,FI,39479.2397670746
60.75,22.75,FI,33449.4702301025
61.25,22.75,FI,25665.2430343628
61.75,22.75,FI,17272.8558826447
62.25,22.75,FI,10613.090467453
62.75,22.75,FI,42666.9482879639
63.25,22.75,FI,20506.6551818848
63.75,22.75,FI,33441.9548128843
68.25,22.75,FI,191.818500161171
59.75,23.25,FI,12489.7976703644
60.25,23.25,FI,36659.2297592163
60.75,23.25,FI,26979.2889785767
61.25,23.25,FI,39962.0991630554
61.75,23.25,FI,30310.9699478149
62.25,23.25,FI,20263.0002727509
62.75,23.25,FI,33209.6816234589
63.25,23.25,FI,16143.8763198853
63.75,23.25,FI,22733.5403169761
67.25,23.25,FI,812.040529251099
68.25,23.25,FI,413.40170186758
59.75,23.75,FI,3860.85709158331
60.25,23.75,FI,44259.3302307129
60.75,23.75,FI,31944.8534126282
61.25,23.75,FI,121003.104141235
61.75,23.75,FI,177242.313759714
62.25,23.75,FI,11508.8701057434
62.75,23.75,FI,13343.1356697083
63.25,23.75,FI,9549.53324902058
63.75,23.75,FI,29007.9117622375
64.25,23.75,FI,8514.11105406284
66.25,23.75,FI,5568.06865692139
66.75,23.75,FI,1907.4865860939
67.25,23.75,FI,1498.25790786743
67.75,23.75,FI,1523.61040329933
68.25,23.75,FI,659.478967666626
59.75,24.25,FI,1380.52123406436
60.25,24.25,FI,80136.1492638588
60.75,24.25,FI,36947.6800613403
61.25,24.25,FI,44039.7044038773
61.75,24.25,FI,64249.9804782867
62.25,24.25,FI,12201.2915391922
62.75,24.25,FI,7298.42031478882
63.25,24.25,FI,7294.24542713165
63.75,24.25,FI,14941.8251266479
64.25,24.25,FI,14602.211303398
64.75,24.25,FI,4957.87760713696
65.25,24.25,FI,10
65.75,24.25,FI,10690.5537747388
66.25,24.25,FI,12724.3403019905
66.75,24.25,FI,2036.27735257149
67.25,24.25,FI,1795.97966861725
67.75,24.25,FI,1284.42936217785
68.25,24.25,FI,605.972903251648
59.75,24.75,FI,33714.7073784024
60.25,24.75,FI,814078.301698685
60.75,24.75,FI,112398.266906738
61.25,24.75,FI,36803.0434675217
61.75,24.75,FI,17332.768705368
62.25,24.75,FI,10444.3334517479
62.75,24.75,FI,6734.50956821442
63.25,24.75,FI,3767.61627674103
63.75,24.75,FI,11292.431219101
64.25,24.75,FI,22055.7229881287
64.75,24.75,FI,18111.150962749
65.25,24.75,FI,606.17246183753
65.75,24.75,FI,27278.2121822536
66.25,24.75,FI,4211.88821029663
66.75,24.75,FI,2787.69415688515
67.25,24.75,FI,2578.77942180634
67.75,24.75,FI,1046.65278196335
68.25,24.75,FI,834.115319252014
59.75,25.25,FI,782.896754518151
60.25,25.25,FI,571129.328632057
60.75,25.25,FI,67883.1731414795
61.25,25.25,FI,22878.3612928987
61.75,25.25,FI,16476.6761539429
62.25,25.25,FI,47794.7642726898
62.75,25.25,FI,7681.82452869415
63.25,25.25,FI,3984.77455860376
63.75,25.25,FI,13717.796090126
64.25,25.25,FI,9650.55144500732
64.75,25.25,FI,25607.0423373729
65.25,25.25,FI,16692.4932882562
65.75,25.25,FI,5188.81825817563
66.25,25.25,FI,6184.76352977753
66.75,25.25,FI,9558.25464439392
67.25,25.25,FI,3785.47012376785
67.75,25.25,FI,1048.48971700668
68.25,25.25,FI,878.481701612473
59.75,25.75,FI,4523.37790410221
60.25,25.75,FI,44819.0671832561
60.75,25.75,FI,117186.861869812
61.25,25.75,FI,45726.6868481636
61.75,25.75,FI,30549.8736565113
62.25,25.75,FI,92343.4310264587
62.75,25.75,FI,19786.4996192455
63.25,25.75,FI,4672.29043197632
63.75,25.75,FI,6151.86397522688
64.25,25.75,FI,4260.02914905548
64.75,25.75,FI,52126.4101696014
65.25,25.75,FI,44923.2148933411
65.75,25.75,FI,5050.27331924438
66.25,25.75,FI,6745.50472068787
66.75,25.75,FI,9644.9300994873
67.25,25.75,FI,3066.44056129456
67.75,25.75,FI,1001.69377076626
68.25,25.75,FI,798.379493713379
68.75,25.75,FI,482.340142250061
69.25,25.75,FI,446.760890603065
60.25,26.25,FI,6520.83659696579
60.75,26.25,FI,23980.6415672302
61.25,26.25,FI,27354.6466197968
61.75,26.25,FI,5669.91104841232
62.25,26.25,FI,17923.4025821686
62.75,26.25,FI,9102.52632808685
63.25,26.25,FI,5503.24975299835
63.75,26.25,FI,6158.25256538391
64.25,26.25,FI,3433.74314343929
64.75,26.25,FI,38283.242017746
65.25,26.25,FI,68235.99741745
65.75,26.25,FI,2735.30998897552
66.25,26.25,FI,6697.05575752258
66.75,26.25,FI,9250.85991239548
67.25,26.25,FI,1348.32075893879
67.75,26.25,FI,904.667330741882
68.25,26.25,FI,690.393824219704
68.75,26.25,FI,463.706279635429
69.25,26.25,FI,359.008031964302
60.25,26.75,FI,11295.8312932849
60.75,26.75,FI,77509.6553649902
61.25,26.75,FI,22913.9370603561
61.75,26.75,FI,8408.40305161476
62.25,26.75,FI,11838.5986003876
62.75,26.75,FI,8756.46496230364
63.25,26.75,FI,6000.95155513287
63.75,26.75,FI,9714.7896194458
64.25,26.75,FI,7860.36295398325
64.75,26.75,FI,16542.3719167188
65.25,26.75,FI,11070.1287174225
65.75,26.75,FI,1569.72942447662
66.25,26.75,FI,4853.57187247276
66.75,26.75,FI,4141.59600830078
67.25,26.75,FI,871.522547483444
67.75,26.75,FI,875.351094484329
68.25,26.75,FI,676.490588992834
68.75,26.75,FI,447.842186391354
69.25,26.75,FI,389.11684691906
60.25,27.25,FI,5515.94383835793
60.75,27.25,FI,38027.6068267822
61.25,27.25,FI,11564.9641990662
61.75,27.25,FI,29578.7013139725
62.25,27.25,FI,16856.1842403412
62.75,27.25,FI,48585.5131320953
63.25,27.25,FI,16868.4328331947
63.75,27.25,FI,13583.789937973
64.25,27.25,FI,12463.9973216057
64.75,27.25,FI,2047.65702867508
65.25,27.25,FI,1756.4780189991
65.75,27.25,FI,1648.20099067688
66.25,27.25,FI,3066.34978814423
66.75,27.25,FI,1990.13471907377
67.25,27.25,FI,637.266964912415
67.75,27.25,FI,811.747357621789
68.25,27.25,FI,733.569815158844
68.75,27.25,FI,391.661762446165
69.25,27.25,FI,417.706881284714
69.75,27.25,FI,279.942611813545
60.25,27.75,FI,830.648383796215
60.75,27.75,FI,23209.8539905548
61.25,27.75,FI,10442.2393866777
61.75,27.75,FI,13094.7972335815
62.25,27.75,FI,13747.9049654007
62.75,27.75,FI,38944.8084139824
63.25,27.75,FI,27213.9502944946
63.75,27.75,FI,8721.04763221741
64.25,27.75,FI,14674.032613337
64.75,27.75,FI,1504.6433300972
65.25,27.75,FI,1623.85714113712
65.75,27.75,FI,1656.30213117599
66.25,27.75,FI,1387.65990614891
66.75,27.75,FI,1784.03656864166
67.25,27.75,FI,398.38625639677
67.75,27.75,FI,510.857314810157
68.25,27.75,FI,787.466163158417
68.75,27.75,FI,333.452560592443
69.25,27.75,FI,335.62211894989
60.75,28.25,FI,50011.1832315922
61.25,28.25,FI,19322.1159947515
61.75,28.25,FI,5459.43864870071
62.25,28.25,FI,18434.2458329201
62.75,28.25,FI,29625.3622703552
63.25,28.25,FI,8813.31775569916
63.75,28.25,FI,4203.04823303223
64.25,28.25,FI,4550.75139665604
64.75,28.25,FI,1711.32442569733
65.25,28.25,FI,1709.73410892487
65.75,28.25,FI,1564.20194220543
66.25,28.25,FI,1059.08139547706
66.75,28.25,FI,907.296616077423
67.25,28.25,FI,298.560536921024
67.75,28.25,FI,264.382195353508
68.75,28.25,FI,443.861830703914
69.25,28.25,FI,309.80522285914
61.25,28.75,FI,48494.4304513931
61.75,28.75,FI,12861.7385792732
62.25,28.75,FI,8841.73039340973
62.75,28.75,FI,7423.02572488785
63.25,28.75,FI,4756.06799316406
63.75,28.75,FI,4420.65530109406
64.25,28.75,FI,3411.36359500885
64.75,28.75,FI,1748.34907507896
65.25,28.75,FI,1731.15526485443
65.75,28.75,FI,2760.74146032333
66.25,28.75,FI,2226.10070082545
66.75,28.75,FI,710.532591104507
67.25,28.75,FI,411.969173789024
67.75,28.75,FI,167.015395760536
69.25,28.75,FI,830.969387829304
61.25,29.25,FI,26484.1356201172
61.75,29.25,FI,9794.16338801384
62.25,29.25,FI,12861.8906064779
62.75,29.25,FI,13399.8447430134
63.25,29.25,FI,3564.99121508002
63.75,29.25,FI,5233.78347015381
64.25,29.25,FI,2006.53575707972
64.75,29.25,FI,1767.91792654991
65.25,29.25,FI,1666.31938099861
65.75,29.25,FI,3069.46223831177
66.25,29.25,FI,2930.55885314941
67.25,29.25,FI,1444.75116229057
61.75,29.75,FI,7496.23861330748
62.25,29.75,FI,9239.40186995268
62.75,29.75,FI,20162.1934580803
63.25,29.75,FI,3557.46669434011
63.75,29.75,FI,3871.46628379822
64.25,29.75,FI,1953.68035882711
62.25,30.25,FI,17967.9638531208
62.75,30.25,FI,37159.8097610474
63.75,30.25,FI,1953.04103839397
62.25,30.75,FI,21052.2389247417
62.75,30.75,FI,10050.5055037737
